hour,day,act,dirty,clean,vault,vaultCap,heat,heatTarget,exposure,control,yield,rep,influence,frontUtil,cleanEarned,dirtyEarned,stock,gold
0,1,1,120,440,0,40,20,0,0,8,0,0,1,0,0,0,30,10
1,1,1,65,20.250,0,49.450,16,28.508,3.190,8,19.780,45,1,0,30.250,0,30,11
2,1,1,71,20.250,19.780,49.409,21.502,28.508,3.190,8,19.764,46.200,1,0,30.250,25.780,30,11
3,1,1,71,20.250,39.544,49.368,22.903,28.508,3.190,8,19.747,46.200,1,0,30.250,45.544,30,11
4,1,1,66.368,27.125,9.874,49.326,23.129,28.508,3.190,8,19.731,46.200,1,0.083,37.125,65.241,30,11
5,1,1,72.368,40.875,29.604,49.285,26.888,28.508,3.190,8,19.714,47.400,1,0.236,50.875,90.972,30,11
6,1,1,65.653,9.950,0,49.244,26.212,28.508,3.190,8,19.698,51.400,1,0.307,59.950,110.653,30,11
7,1,1,71.653,24.450,19.698,49.203,29.671,27.524,3.190,8.400,19.681,72.600,1,0.422,74.450,136.350,30,11
8,1,1,71.653,38.950,39.379,49.162,29.242,27.524,3.190,8.400,19.665,72.600,1,0.519,88.950,156.031,30,11
9,1,1,65.814,19.680,9.832,49.120,28.004,27.524,3.190,8.400,19.648,72.600,1,0.555,99.680,175.647,30,11
10,1,1,65.814,34.180,29.480,49.079,31.908,27.524,3.190,8.400,19.632,74.600,1,0.630,114.180,195.295,30,11
11,1,1,65.893,11.430,0,49.038,34.031,27.524,3.190,8.400,19.615,74.600,2,0.608,121.430,214.893,30,11
12,1,1,65.893,25.930,19.615,48.997,32.729,27.524,3.190,8.400,19.599,74.600,2,0.673,135.930,234.509,30,11
13,1,1,65.893,36.950,39.214,48.956,33.477,27.524,3.190,8.400,19.582,75.800,2,0.688,146.950,254.107,30,11
14,1,1,66.849,14.200,9.791,48.914,33.181,27.524,3.190,8.400,19.566,75.800,2,0.656,154.200,273.640,30,12
15,1,1,66.849,28.700,29.357,48.873,38.049,28.162,3.293,8.400,19.549,75.800,2,0.714,168.700,293.206,30,12
16,1,1,67.722,1.200,0,59.053,33.072,36.859,4.904,8.400,23.621,80.000,2,0.761,183.200,312.722,30,12
17,1,1,0,15.700,17.043,59.003,33.829,38.243,5.202,8.400,23.601,80.000,2,0.801,197.700,336.343,30,12
18,1,1,0,23.530,40.644,58.953,34.712,36.724,4.875,8.400,23.581,80.000,2,0.758,205.530,359.944,30,12
19,1,1,0,23.530,58.953,58.903,37.864,34.594,4.443,8.400,23.561,81.200,3,0.631,205.530,378.253,30,12
20,1,1,0,23.530,58.953,58.853,37.210,34.594,4.443,8.400,23.541,81.200,3,0.526,205.530,378.253,30,12
21,1,1,0,23.530,58.953,58.803,36.687,34.594,4.443,8.400,23.521,81.200,3,0.438,205.530,378.253,30,12
22,1,1,0,23.530,58.953,58.754,36.268,34.594,4.443,8.400,23.501,81.200,3,0.365,205.530,378.253,30,12
23,1,1,0,23.530,58.953,58.704,35.933,34.594,4.443,8.400,23.481,81.200,3,0.304,205.530,378.253,30,12
24,2,1,0,23.530,58.953,58.654,35.665,34.594,4.443,8.400,23.462,81.200,3,0.254,205.530,378.253,30,12
25,2,1,62.953,23.530,0,58.604,37.451,34.594,4.443,8.400,23.442,81.200,3,0.211,205.530,378.253,30,12
26,2,1,62.953,23.530,23.442,58.554,36.879,34.594,4.443,8.400,23.422,81.200,3,0.176,205.530,401.694,30,12
27,2,1,62.953,23.530,46.863,58.504,38.672,34.594,4.443,8.400,23.402,82.400,4,0.147,205.530,425.116,30,12
28,2,1,70.457,30.780,11.701,58.455,35.760,23.209,4.443,14.700,23.382,82.400,0.063,0.206,212.780,448.458,30,13
29,2,1,70.457,45.280,35.083,58.405,33.250,23.209,4.443,14.700,23.362,82.400,0.188,0.338,227.280,471.840,30,13
30,2,1,71.862,3.110,0,63.966,35.267,24.992,4.898,14.700,25.586,89.400,1.313,0.372,235.110,495.162,30,13
31,2,1,71.862,17.610,25.586,63.911,42.212,24.992,4.898,14.700,25.565,89.400,1.438,0.476,249.610,520.748,30,13
32,2,1,71.862,32.110,51.151,63.857,38.768,24.992,4.898,14.700,25.543,89.400,1.563,0.564,264.110,546.313,30,13
33,2,1,72.718,43.420,12.771,63.802,33.329,24.992,4.898,14.700,25.521,89.400,1.688,0.600,275.420,571.790,30,13
34,2,1,82.718,57.920,38.292,63.747,37.028,24.992,4.898,14.700,25.499,91.400,1.813,0.666,289.920,607.311,30,13
35,2,1,76.466,6.910,0,80.193,35.621,27.933,5.698,14.700,32.077,98.400,1.938,0.659,298.910,632.766,30,13
36,2,1,76.466,21.410,32.077,80.124,43.083,28.344,5.815,14.700,32.050,98.400,2.063,0.716,313.410,664.843,30,13
37,2,1,76.466,35.910,64.127,68.048,40.136,29.565,6.170,14.700,27.219,98.400,2.188,0.763,327.910,696.893,30,13
38,2,1,77.513,20.410,14.170,83.279,35.437,31.457,6.747,14.700,33.312,101.400,2.313,0.802,342.410,714.983,30,13
39,2,1,83.513,34.910,47.481,83.208,37.324,32.238,6.993,14.700,33.283,102.600,2.438,0.835,356.910,754.295,30,13
40,2,1,80.278,7.410,0,92.996,35.307,36.506,8.452,14.700,37.198,106.800,2.563,0.863,371.410,787.578,30,13
41,2,1,0,21.910,3.706,92.917,44.547,36.973,8.623,14.700,37.167,106.800,2.688,0.886,385.910,824.776,30,13
42,2,1,0,36.410,40.872,78.912,43.032,37.357,8.766,14.700,31.565,106.800,2.813,0.905,400.410,861.943,30,13
43,2,1,0,50.910,72.437,78.844,41.897,37.673,8.885,14.700,31.538,106.800,2.938,0.921,414.910,893.508,30,13
44,2,1,0,57.290,78.844,74.818,41.052,36.044,8.285,14.700,29.927,106.800,3.063,0.841,421.290,899.915,30,13
45,2,1,0,57.290,78.844,74.750,40.051,32.980,7.234,14.700,29.900,106.800,3.188,0.700,421.290,899.915,30,13
46,2,1,0,57.290,78.844,87.862,38.637,32.970,7.231,14.700,35.145,106.800,3.313,0.584,421.290,899.915,30,13
47,2,1,0,57.290,87.862,87.783,37.503,32.970,7.231,14.700,35.113,106.800,3.438,0.486,421.290,908.933,30,13
48,3,1,0,57.290,87.862,87.703,36.597,32.970,7.231,14.700,35.081,106.800,3.563,0.405,421.290,908.933,30,13
49,3,1,77.862,7.290,0,87.624,32.871,32.970,7.231,14.700,35.050,111.800,3.688,0.338,421.290,908.933,30,14
50,3,1,89.862,7.290,35.050,87.545,33.538,32.970,7.231,14.700,35.018,113.000,3.813,0.281,421.290,955.983,30,14
51,3,1,89.862,7.290,70.067,87.465,37.924,32.970,7.231,14.700,34.986,115.000,4.938,0.235,421.290,991.000,30,14
52,3,1,117.327,14.540,17.493,87.386,36.762,32.970,7.231,14.700,34.954,116.200,5.063,0.279,428.540,1037.891,30,14
53,3,1,117.327,29.040,52.447,87.307,36.003,32.970,7.231,14.700,34.923,116.200,5.188,0.399,443.040,1072.846,30,14
54,3,1,104.634,43.540,0,87.227,35.409,32.970,7.231,14.700,34.891,117.400,6.313,0.499,457.540,1107.705,30,15
55,3,1,104.634,58.040,34.891,87.148,36.860,32.970,7.231,14.700,34.859,117.400,6.438,0.583,472.040,1142.596,30,15
56,3,1,104.634,72.540,69.750,87.068,38.332,32.970,7.231,14.700,34.827,118.600,7.563,0.652,486.540,1177.455,30,15
57,3,1,105.702,17.040,20.706,103.434,36.451,38.859,9.343,14.700,41.374,125.600,7.688,0.710,501.040,1215.479,30,15
58,3,1,117.702,31.540,62.079,87.839,42.183,38.658,9.705,15.400,35.136,147.600,7.813,0.758,515.540,1268.852,30,15
59,3,1,114.541,46.040,0,87.760,38.478,39.386,10.007,15.400,35.104,147.600,7.938,0.799,530.040,1294.612,30,15
60,3,1,136.541,60.540,35.104,87.680,42.514,39.981,10.258,15.400,35.072,150,8.063,0.832,544.540,1351.716,30,15
61,3,1,136.541,75.040,70.176,87.600,42.007,40.467,10.468,15.400,35.040,150,8.188,0.860,559.040,1386.788,30,15
62,3,1,160.142,13.728,17.520,87.520,40.715,46.283,13.269,15.400,35.008,161.600,8.313,0.856,577.728,1457.732,30,15
63,3,1,160.142,36.603,52.528,87.441,41.828,46.785,13.539,15.400,34.976,161.600,8.438,0.880,600.603,1492.741,30,15
64,3,1,125.582,9.478,0,87.361,39.820,49.156,14.889,15.400,34.944,166.600,8.563,0.900,623.478,1527.653,30,15
65,3,1,0.366,38.071,34.944,87.281,45.541,49.547,15.124,15.400,34.913,169.000,8.688,0.917,652.071,1586.598,30,15
66,3,1,0.366,66.665,69.857,87.202,46.342,49.869,15.319,15.400,34.881,169.000,8.813,0.930,680.665,1621.510,30,15
67,3,1,0.366,95.259,87.202,87.122,47.048,50.133,15.482,15.400,34.849,169.000,8.938,0.942,709.259,1638.855,30,15
68,3,1,0.366,122.480,87.202,87.042,47.665,50.171,15.506,15.400,34.817,169.000,9.063,0.944,736.480,1638.855,30,15
69,3,1,0.366,122.480,87.202,86.963,48.166,46.330,13.294,15.400,34.785,169.000,9.188,0.786,736.480,1638.855,30,15
70,3,1,0.366,122.480,87.202,86.883,47.799,42.646,11.451,15.400,34.753,169.000,9.313,0.655,736.480,1638.855,30,15
71,3,1,0.366,122.480,87.202,86.803,46.768,39.166,9.915,15.400,34.721,169.000,9.438,0.546,736.480,1638.855,30,15
72,4,1,0.366,122.480,87.202,86.724,45.248,37.567,9.266,15.400,34.689,169.000,9.563,0.455,736.480,1638.855,30,15
73,4,1,68.567,2.480,0,110.104,38.712,40.807,10.616,15.400,44.042,181.000,9.688,0.379,736.480,1638.855,30,15
74,4,1,80.567,2.480,44.042,129.417,39.777,40.807,10.616,15.400,51.767,182.200,9.813,0.316,736.480,1694.896,29.301,15
75,4,1,80.567,2.480,95.808,129.301,44.483,40.807,10.616,15.400,51.720,184.200,10.938,0.263,736.480,1746.663,28.603,15
76,4,1,133.236,12.011,25.860,109.806,48.374,40.807,10.616,15.400,43.922,186.200,11.063,0.303,746.011,1815.384,27.904,15
77,4,1,133.236,31.074,69.783,109.707,46.860,40.807,10.616,15.400,43.883,186.200,11.188,0.419,765.074,1859.306,27.206,15
78,4,1,116.943,50.136,0,109.608,49.687,40.807,10.616,15.400,43.843,187.200,11.313,0.516,784.136,1899.230,26.508,15
79,4,1,133.943,69.199,43.843,109.508,50.449,40.807,10.616,15.400,43.803,189.200,11.438,0.597,803.199,1960.074,25.811,15
80,4,1,133.943,88.261,87.646,109.409,50.770,40.807,10.616,15.400,43.764,190.400,12.563,0.664,822.261,2003.877,25.113,15
81,4,1,141.352,27.324,22.611,112.952,51.756,42.542,11.402,15.400,45.181,201.400,12.688,0.720,841.324,2065.250,25.416,15
82,4,1,141.352,46.386,67.791,112.849,49.913,43.465,11.840,15.400,45.140,201.400,12.813,0.767,860.386,2110.431,26.718,15
83,4,1,137.201,5.449,0,112.747,47.636,50.180,15.511,15.400,45.099,209.600,13.938,0.226,879.449,2155.489,28.018,15
84,4,1,197.201,34.043,45.099,108.290,53.268,50.905,15.967,15.400,43.316,215.600,14.063,0.235,908.043,2260.588,29.317,15
85,4,1,197.201,62.636,88.415,108.187,52.795,51.492,16.348,15.400,43.275,215.600,14.188,0.243,936.636,2303.903,30,15
86,4,1,134.389,62.099,21.637,108.085,57.439,31.968,11.216,23.870,43.234,227.000,14.313,0.249,976.099,2388.314,30,15
87,4,1,134.389,112.430,64.871,107.982,52.345,31.968,11.216,23.870,43.193,227.000,14.438,0.375,1026.430,2431.548,30,15
88,4,1,131.371,2.761,0,124.880,44.269,37.457,14.296,23.870,49.952,244.000,14.563,0.479,1076.761,2474.659,30,16
89,4,1,0,107.024,31.277,124.764,46.761,37.657,14.418,23.870,49.905,246.400,14.688,0.566,1181.024,2546.611,30,16
90,4,1,0,111.470,81.183,124.647,44.940,35.719,13.264,23.870,49.859,246.400,14.813,0.479,1185.470,2596.516,30,16
91,4,1,0,111.470,124.647,124.530,43.096,33.853,12.216,23.870,49.812,246.400,14.938,0.399,1185.470,2639.980,30,16
92,4,1,0,111.470,124.647,124.414,42.344,44.236,12.216,15.400,49.766,246.400,15.063,0.333,1185.470,2639.980,30,16
93,4,1,0,111.470,124.647,124.297,42.722,44.236,12.216,15.400,49.719,246.400,15.188,0.277,1185.470,2639.980,30,16
94,4,1,0,111.470,124.647,124.181,43.025,44.236,12.216,15.400,49.672,246.400,15.313,0.231,1185.470,2639.980,30,16
95,4,1,0,111.470,124.647,124.064,43.267,44.236,12.216,15.400,49.626,246.400,15.438,0.193,1185.470,2639.980,30,16
96,5,1,0,111.470,124.647,123.948,43.461,44.236,12.216,15.400,49.579,246.400,15.563,0.160,1185.470,2639.980,30,16
97,5,1,102.647,11.470,0,150.712,38.616,46.743,13.516,15.400,60.285,256.400,15.688,0.134,1185.470,2639.980,30,16
98,5,1,112.647,11.470,60.285,147.054,41.510,46.743,13.516,15.400,58.822,257.600,15.813,0.111,1185.470,2710.265,29.992,16
99,5,1,112.647,11.470,119.107,146.915,49.937,46.743,13.516,15.400,58.766,257.600,15.938,0.093,1185.470,2769.087,30,16
100,5,1,142.562,54.070,29.383,146.776,47.139,46.743,13.516,15.400,58.711,258.800,16.063,0.144,1228.070,2836.279,30,16
101,5,1,142.562,94.540,88.094,146.637,47.060,46.743,13.516,15.400,58.655,258.800,16.188,0.182,1268.540,2894.989,30,16
102,5,1,133.200,38.540,0,156.186,47.009,49.479,15.082,15.400,62.474,265.600,17.313,0.152,1268.540,2953.533,30,16
103,5,1,150.200,123.740,62.474,156.037,50.041,49.479,15.082,15.400,62.415,267.600,17.438,0.259,1353.740,3033.007,29.979,16
104,5,1,150.200,149.300,124.889,151.533,52.981,49.479,15.082,15.400,60.613,268.800,18.563,0.255,1379.300,3095.422,29.959,16
105,5,1,154.733,71.900,32.382,161.763,53.751,49.971,15.382,15.400,64.705,283.000,18.688,0.279,1421.900,3164.449,29.915,16
106,5,1,154.733,136.510,97.088,161.615,52.995,49.971,15.382,15.400,64.646,283.000,18.813,0.333,1486.510,3229.154,29.745,16
107,5,2,149.348,16.510,0,411.325,52.403,5.730,16.982,279.400,74.786,296.200,7.938,0.277,1486.510,3293.681,29.574,22
108,5,2,330.348,101.710,74.786,410.951,46.276,5.730,16.982,279.400,74.718,300.600,8.188,0.363,1571.710,3549.467,29.403,22
109,5,2,330.348,135.080,149.505,483.032,38.167,5.730,16.982,279.400,87.824,300.600,8.438,0.355,1605.080,3624.186,29.233,22
110,5,2,330.348,135.080,237.329,482.592,31.679,5.730,16.982,279.400,87.744,300.600,8.688,0.295,1605.080,3712.010,29.062,22
111,5,2,149.420,35.080,0,482.152,31.490,5.730,16.982,279.400,87.664,311.600,8.938,0.225,1605.080,3799.754,28.891,22
112,5,2,291.420,120.280,87.664,481.712,35.690,5.730,16.982,279.400,87.584,314.800,9.188,0.307,1690.280,4029.418,28.720,22
113,5,2,100.550,205.480,175.248,481.272,29.698,5.730,16.982,279.400,87.504,314.800,9.438,0.376,1775.480,4117.002,28.549,22
114,5,2,100.550,290.680,262.752,480.832,24.904,5.730,16.982,279.400,87.424,314.800,9.688,0.433,1860.680,4204.506,28.377,22
115,5,2,100.550,375.880,350.176,480.392,21.070,5.730,16.982,279.400,87.344,314.800,9.938,0.481,1945.880,4291.930,28.206,22
116,5,2,100.550,409.960,437.520,479.952,18.002,5.730,16.982,279.400,87.264,314.800,10.188,0.449,1979.960,4379.274,28.034,22
117,5,2,100.550,409.960,479.952,479.512,15.547,5.730,16.982,279.400,87.184,314.800,10.438,0.374,1979.960,4421.706,27.863,22
118,5,2,100.550,409.960,479.952,479.072,13.584,5.730,16.982,279.400,87.104,314.800,10.688,0.311,1979.960,4421.706,27.691,22
119,5,2,100.550,409.960,479.952,478.632,12.013,5.730,16.982,279.400,87.024,314.800,10.938,0.260,1979.960,4421.706,27.519,22
120,6,2,100.550,409.960,479.952,478.192,10.756,5.730,16.982,279.400,86.944,314.800,11.188,0.216,1979.960,4421.706,27.347,22
121,6,2,174.502,39.960,0,684.989,14.751,7.311,22.037,279.400,124.543,354.800,11.438,0.180,1979.960,4421.706,27.175,22
122,6,2,330.502,125.160,124.543,684.376,19.655,7.311,22.037,279.400,124.432,359.200,11.688,0.270,2065.160,4702.249,26.446,22
123,6,2,330.502,210.360,248.975,683.763,17.186,7.311,22.037,279.400,124.321,359.200,11.938,0.345,2150.360,4826.681,25.717,22
124,6,2,330.502,295.560,373.296,683.150,15.211,7.311,22.037,279.400,124.209,359.200,12.188,0.407,2235.560,4951.002,24.989,22
125,6,2,330.502,304.080,497.505,682.537,13.631,7.311,22.037,279.400,124.098,359.200,12.438,0.351,2244.080,5075.211,24.261,22
126,6,2,190.105,34.080,0,828.681,20.367,8.595,26.273,279.400,150.669,388.200,12.688,0.323,2244.080,5199.309,23.533,22
127,6,2,435.105,161.880,150.669,827.959,23.758,8.686,26.577,279.400,150.538,394.600,12.938,0.401,2371.880,5594.978,25.198,22
128,6,2,435.105,289.680,301.207,827.237,20.744,9.995,31.026,279.400,150.407,394.600,13.188,0.467,2499.680,5745.516,26.861,22
129,6,2,435.105,417.480,451.614,826.515,18.594,11.057,34.734,279.400,150.276,394.600,13.438,0.521,2627.480,5895.923,28.524,22
130,6,2,435.105,545.280,601.890,825.794,17.087,11.923,37.824,279.400,150.144,394.600,13.688,0.567,2755.280,6046.198,30.185,22
131,6,2,235.138,20.400,0,1001.072,22.054,12.331,39.299,279.400,182.013,454.200,13.938,0.525,2806.400,6196.343,31.845,22
132,6,2,368.138,148.200,182.013,1000.203,28.416,13.161,42.345,279.400,181.855,457.400,14.188,0.570,2934.200,6511.356,32.304,22
133,6,2,368.138,276.000,363.868,999.335,25.365,13.841,44.883,279.400,181.697,457.400,14.438,0.607,3062.000,6693.211,32.763,22
134,6,2,368.138,403.800,545.565,998.466,23.060,14.399,46.998,279.400,181.539,457.400,14.688,0.638,3189.800,6874.908,33.222,22
135,6,2,276.243,21.600,0,1022.353,24.328,18.474,63.311,279.400,185.882,511.400,14.938,0.728,3317.600,7056.447,33.680,22
136,6,2,540.243,254.700,185.882,1021.463,30.172,19.080,65.881,279.400,185.721,518.600,15.188,0.752,3550.700,7506.330,34.060,22
137,6,2,288.564,487.800,371.603,1020.574,27.953,19.579,68.023,279.400,185.559,518.600,15.438,0.772,3783.800,7692.050,34.439,22
138,6,2,288.564,720.900,557.162,1019.685,26.279,19.990,69.808,279.400,185.397,518.600,15.688,0.788,4016.900,7877.609,34.818,22
139,6,2,288.564,754.200,742.559,1018.795,25.021,17.140,57.796,279.400,185.236,518.600,15.938,0.678,4050.200,8063.006,35.197,22
140,6,2,288.564,754.200,927.795,1005.201,23.445,14.014,45.535,279.400,182.764,518.600,16.188,0.565,4050.200,8248.242,35.576,22
141,6,2,288.564,754.200,1005.201,1004.312,21.559,11.222,35.318,279.400,182.602,518.600,16.438,0.471,4050.200,8325.648,35.955,22
142,6,2,288.564,754.200,1005.201,1003.422,19.491,10.127,31.483,279.400,182.440,518.600,16.688,0.392,4050.200,8325.648,36.333,22
143,6,2,288.564,754.200,1005.201,1002.533,17.618,10.127,31.483,279.400,182.279,518.600,16.938,0.327,4050.200,8325.648,36.712,22
144,7,2,288.564,754.200,1005.201,1001.644,16.120,10.127,31.483,279.400,182.117,518.600,17.188,0.272,4050.200,8325.648,37.091,22
145,7,2,224.765,12.200,0,2033.774,19.922,12.532,40.031,279.400,203.377,595.800,17.438,0.213,4050.200,8325.648,37.469,22
146,7,2,440.765,167.600,203.377,2031.213,23.844,12.532,40.031,279.400,203.197,601.400,17.688,0.314,4205.600,8745.026,37.640,22
147,7,2,440.765,323.000,406.575,2028.653,21.582,12.532,40.031,279.400,203.018,601.400,17.938,0.398,4361.000,8948.223,37.812,22
148,7,2,440.765,478.400,609.592,2026.094,19.772,12.532,40.031,279.400,202.838,601.400,18.188,0.468,4516.400,9151.241,37.984,22
149,7,2,440.765,633.800,812.430,2023.537,18.324,12.532,40.031,279.400,202.658,601.400,18.438,0.526,4671.800,9354.078,38.155,22
150,7,2,267.853,24.200,0,2456.434,24.166,14.680,48.072,279.400,246.105,678.900,18.688,0.575,4827.200,9556.736,38.327,22
151,7,2,416.853,179.600,246.105,2453.347,31.844,15.485,51.192,279.400,245.888,682.900,18.938,0.615,4982.600,9951.841,38.290,22
152,7,2,416.853,335.000,491.993,2450.262,28.572,16.144,53.792,279.400,245.671,682.900,19.188,0.649,5138.000,10197.729,38.253,22
153,7,2,416.853,490.400,737.664,2447.178,26.087,16.686,55.958,279.400,245.454,682.900,19.438,0.677,5293.400,10443.400,38.216,22
154,7,2,416.853,645.800,983.118,2444.097,24.207,17.132,57.763,279.400,245.237,682.900,19.688,0.700,5448.800,10688.854,38.179,22
155,7,2,405.208,12.200,0,2784.235,27.792,24.403,90.194,279.400,279.472,765.800,19.938,0.767,5604.200,10934.092,38.143,22
156,7,2,558.208,245.300,279.472,2780.739,33.506,24.786,92.074,279.400,279.226,770.200,20.188,0.784,5837.300,11366.563,37.804,22
157,7,2,558.208,478.400,558.697,2777.245,31.762,25.102,93.641,279.400,278.980,770.200,20.438,0.798,6070.400,11645.789,37.465,22
158,7,2,558.208,711.500,837.677,2773.753,30.430,25.363,94.947,279.400,278.734,770.200,20.688,0.810,6303.500,11924.769,37.126,22
159,7,2,442.620,22.600,0,3232.206,34.417,28.702,112.475,279.400,324.926,864.400,20.938,0.820,6536.600,12203.503,36.788,22
160,7,2,614.620,255.700,324.926,3228.128,41.371,28.866,113.382,279.400,324.639,868.800,21.188,0.829,6769.700,12700.429,35.890,22
161,7,2,327.428,488.800,649.565,3224.053,38.870,29.003,114.137,279.400,324.351,868.800,21.438,0.836,7002.800,13025.068,34.993,22
162,7,2,327.428,721.900,973.917,3219.980,36.896,29.116,114.767,279.400,324.064,868.800,21.688,0.841,7235.900,13349.420,34.097,22
163,7,2,327.428,955.000,1297.981,3215.908,35.340,29.211,115.292,279.400,323.776,868.800,21.938,0.846,7469.000,13673.484,33.202,22
164,7,2,327.428,1020.860,1621.757,3211.839,34.114,27.207,104.429,279.400,323.489,868.800,22.188,0.746,7534.860,13997.260,32.307,22
165,7,2,327.428,1020.860,1945.246,3207.773,32.733,24.553,90.927,279.400,323.201,868.800,22.438,0.622,7534.860,14320.749,31.414,22
166,7,2,327.428,1020.860,2268.447,3203.708,31.097,22.189,79.675,279.400,322.914,868.800,22.688,0.518,7534.860,14643.950,30.522,22
167,7,2,327.428,1020.860,2591.361,3199.645,29.315,20.187,70.666,279.400,322.626,868.800,22.938,0.432,7534.860,14966.864,29.631,22
168,8,2,327.428,1020.860,2913.987,3195.585,27.490,20.187,70.666,279.400,322.339,868.800,23.188,0.360,7534.860,15289.490,28.741,22
169,8,2,1054.013,30.860,0,3654.819,31.029,21.970,78.666,279.400,368.801,968.800,23.438,0.300,7534.860,15571.088,27.852,22
170,8,2,1100.013,292.554,368.801,3650.202,39.163,21.970,78.666,279.400,368.475,970.800,23.688,0.417,7796.554,15985.889,26.964,22
171,8,2,1100.013,554.247,737.276,3645.587,35.724,22.882,82.900,279.400,368.148,970.800,23.938,0.514,8058.247,16354.364,25.777,22
172,8,2,1100.013,815.941,1105.424,3640.975,33.156,24.378,90.070,279.400,367.822,970.800,24.188,0.595,8319.941,16722.512,24.591,22
173,8,2,1100.013,1077.635,1473.246,3636.365,31.400,25.631,96.294,279.400,367.495,970.800,24.438,0.662,8581.635,17090.334,23.407,22
174,8,2,1131.754,93.329,0,4062.381,31.246,28.240,114.952,292.100,410.704,1118.400,24.688,0.719,8843.329,17457.829,22.223,22
175,8,2,1159.754,355.022,410.704,4057.224,41.745,29.126,120.042,292.100,410.339,1119.600,24.938,0.766,9105.022,17896.533,21.312,22
176,8,2,1159.754,616.716,821.043,4052.070,39.221,29.849,124.285,292.100,409.973,1119.600,25.188,0.805,9366.716,18306.872,20.402,22
177,8,2,1159.754,878.410,1231.016,4046.919,37.347,30.439,127.820,292.100,409.607,1119.600,25.438,0.837,9628.410,18716.845,19.493,22
178,8,2,1159.754,1140.104,1640.623,4041.771,35.965,30.924,130.766,292.100,409.241,1119.600,25.688,0.864,9890.104,19126.452,18.585,22
179,8,2,1174.619,85.797,0,4292.741,32.957,33.238,145.424,292.100,434.818,1251.200,25.938,0.885,10151.798,19535.694,17.678,22
180,8,2,1406.619,358.929,434.818,4287.258,39.187,33.572,147.622,292.100,434.428,1257.600,26.188,0.904,10424.929,20202.512,17.579,22
181,8,2,1406.619,632.060,869.246,4281.778,38.064,33.847,149.453,292.100,434.037,1257.600,26.438,0.920,10698.060,20636.939,17.480,22
182,8,2,1406.619,905.191,1303.283,4276.301,37.221,34.075,150.979,292.100,433.647,1257.600,26.688,0.933,10971.191,21070.976,17.381,22
183,8,2,1496.549,101.322,0,4615.925,36.592,35.905,163.630,292.100,468.265,1367.300,26.938,0.944,11244.323,21504.623,17.282,22
184,8,2,1649.549,376.422,468.265,3918.522,42.652,36.054,164.689,292.100,397.668,1371.700,27.188,0.954,11519.422,22125.889,17.515,22
185,8,2,1338.081,651.522,865.933,3913.510,41.332,36.177,165.572,292.100,397.311,1371.700,27.438,0.961,11794.522,22523.557,17.747,22
186,8,2,1338.081,926.622,1263.244,3908.501,40.301,36.279,166.308,292.100,396.953,1371.700,27.688,0.968,12069.622,22920.868,17.979,22
187,8,2,1338.081,1201.722,1660.197,4592.347,39.497,36.365,166.921,292.100,466.583,1371.700,27.938,0.973,12344.722,23317.821,18.211,22
188,8,2,1338.081,1476.822,2126.781,4505.290,38.871,36.435,167.432,292.100,457.913,1371.700,28.188,0.978,12619.823,23784.404,18.443,22
189,8,2,1338.081,1751.922,2584.694,4499.438,38.384,36.494,167.858,292.100,457.492,1371.700,28.438,0.981,12894.923,24242.317,18.675,22
190,8,2,1338.081,1934.842,3042.186,4493.588,38.006,35.651,161.832,292.100,457.072,1371.700,28.688,0.929,13077.843,24699.809,18.906,22
191,8,2,1338.081,1934.842,3499.258,4487.742,37.535,33.044,144.160,292.100,456.651,1371.700,28.938,0.774,13077.843,25156.881,19.137,22
192,9,2,1338.081,1934.842,3955.909,4481.898,36.637,30.705,129.433,292.100,456.231,1371.700,29.188,0.645,13077.843,25613.533,19.368,22
